,Location,value
11,HIGH STREET_RD E of WARRIGAL_RD,37
23,HIGH STREET_RD E of WARRIGAL_RD,30
35,HIGH STREET_RD E of WARRIGAL_RD,26
47,HIGH STREET_RD E of WARRIGAL_RD,29
59,HIGH STREET_RD E of WARRIGAL_RD,14
71,HIGH STREET_RD E of WARRIGAL_RD,20
83,HIGH STREET_RD E of WARRIGAL_RD,14
95,HIGH STREET_RD E of WARRIGAL_RD,10
107,HIGH STREET_RD E of WARRIGAL_RD,10
119,HIGH STREET_RD E of WARRIGAL_RD,8
131,HIGH STREET_RD E of WARRIGAL_RD,10
143,HIGH STREET_RD E of WARRIGAL_RD,7
155,HIGH STREET_RD E of WARRIGAL_RD,5
167,HIGH STREET_RD E of WARRIGAL_RD,14
179,HIGH STREET_RD E of WARRIGAL_RD,6
191,HIGH STREET_RD E of WARRIGAL_RD,10
203,HIGH STREET_RD E of WARRIGAL_RD,10
215,HIGH STREET_RD E of WARRIGAL_RD,6
227,HIGH STREET_RD E of WARRIGAL_RD,8
239,HIGH STREET_RD E of WARRIGAL_RD,7
251,HIGH STREET_RD E of WARRIGAL_RD,8
263,HIGH STREET_RD E of WARRIGAL_RD,4
275,HIGH STREET_RD E of WARRIGAL_RD,13
287,HIGH STREET_RD E of WARRIGAL_RD,14
299,HIGH STREET_RD E of WARRIGAL_RD,14
311,HIGH STREET_RD E of WARRIGAL_RD,16
323,HIGH STREET_RD E of WARRIGAL_RD,36
335,HIGH STREET_RD E of WARRIGAL_RD,22
347,HIGH STREET_RD E of WARRIGAL_RD,27
359,HIGH STREET_RD E of WARRIGAL_RD,21
371,HIGH STREET_RD E of WARRIGAL_RD,38
383,HIGH STREET_RD E of WARRIGAL_RD,53
395,HIGH STREET_RD E of WARRIGAL_RD,37
407,HIGH STREET_RD E of WARRIGAL_RD,46
419,HIGH STREET_RD E of WARRIGAL_RD,74
431,HIGH STREET_RD E of WARRIGAL_RD,69
443,HIGH STREET_RD E of WARRIGAL_RD,67
455,HIGH STREET_RD E of WARRIGAL_RD,73
467,HIGH STREET_RD E of WARRIGAL_RD,133
479,HIGH STREET_RD E of WARRIGAL_RD,117
491,HIGH STREET_RD E of WARRIGAL_RD,121
503,HIGH STREET_RD E of WARRIGAL_RD,129
515,HIGH STREET_RD E of WARRIGAL_RD,142
527,HIGH STREET_RD E of WARRIGAL_RD,112
539,HIGH STREET_RD E of WARRIGAL_RD,129
551,HIGH STREET_RD E of WARRIGAL_RD,164
563,HIGH STREET_RD E of WARRIGAL_RD,130
575,HIGH STREET_RD E of WARRIGAL_RD,139
587,HIGH STREET_RD E of WARRIGAL_RD,163
599,HIGH STREET_RD E of WARRIGAL_RD,141
611,HIGH STREET_RD E of WARRIGAL_RD,152
623,HIGH STREET_RD E of WARRIGAL_RD,149
635,HIGH STREET_RD E of WARRIGAL_RD,134
647,HIGH STREET_RD E of WARRIGAL_RD,155
659,HIGH STREET_RD E of WARRIGAL_RD,118
671,HIGH STREET_RD E of WARRIGAL_RD,124
683,HIGH STREET_RD E of WARRIGAL_RD,132
695,HIGH STREET_RD E of WARRIGAL_RD,108
707,HIGH STREET_RD E of WARRIGAL_RD,143
719,HIGH STREET_RD E of WARRIGAL_RD,122
731,HIGH STREET_RD E of WARRIGAL_RD,127
743,HIGH STREET_RD E of WARRIGAL_RD,126
755,HIGH STREET_RD E of WARRIGAL_RD,114
767,HIGH STREET_RD E of WARRIGAL_RD,121
779,HIGH STREET_RD E of WARRIGAL_RD,134
791,HIGH STREET_RD E of WARRIGAL_RD,140
803,HIGH STREET_RD E of WARRIGAL_RD,116
815,HIGH STREET_RD E of WARRIGAL_RD,146
827,HIGH STREET_RD E of WARRIGAL_RD,124
839,HIGH STREET_RD E of WARRIGAL_RD,157
851,HIGH STREET_RD E of WARRIGAL_RD,136
863,HIGH STREET_RD E of WARRIGAL_RD,153
875,HIGH STREET_RD E of WARRIGAL_RD,133
887,HIGH STREET_RD E of WARRIGAL_RD,138
899,HIGH STREET_RD E of WARRIGAL_RD,109
911,HIGH STREET_RD E of WARRIGAL_RD,96
923,HIGH STREET_RD E of WARRIGAL_RD,100
935,HIGH STREET_RD E of WARRIGAL_RD,62
947,HIGH STREET_RD E of WARRIGAL_RD,74
959,HIGH STREET_RD E of WARRIGAL_RD,72
971,HIGH STREET_RD E of WARRIGAL_RD,73
983,HIGH STREET_RD E of WARRIGAL_RD,44
995,HIGH STREET_RD E of WARRIGAL_RD,55
1007,HIGH STREET_RD E of WARRIGAL_RD,43
1019,HIGH STREET_RD E of WARRIGAL_RD,68
1031,HIGH STREET_RD E of WARRIGAL_RD,48
1043,HIGH STREET_RD E of WARRIGAL_RD,47
1055,HIGH STREET_RD E of WARRIGAL_RD,30
1067,HIGH STREET_RD E of WARRIGAL_RD,31
1079,HIGH STREET_RD E of WARRIGAL_RD,35
1091,HIGH STREET_RD E of WARRIGAL_RD,30
1103,HIGH STREET_RD E of WARRIGAL_RD,31
1115,HIGH STREET_RD E of WARRIGAL_RD,12
1127,HIGH STREET_RD E of WARRIGAL_RD,14
1139,HIGH STREET_RD E of WARRIGAL_RD,13
1151,HIGH STREET_RD E of WARRIGAL_RD,13
0,WARRIGAL_RD N of HIGH STREET_RD,64
12,WARRIGAL_RD N of HIGH STREET_RD,59
24,WARRIGAL_RD N of HIGH STREET_RD,43
36,WARRIGAL_RD N of HIGH STREET_RD,43
48,WARRIGAL_RD N of HIGH STREET_RD,32
60,WARRIGAL_RD N of HIGH STREET_RD,33
72,WARRIGAL_RD N of HIGH STREET_RD,29
84,WARRIGAL_RD N of HIGH STREET_RD,31
96,WARRIGAL_RD N of HIGH STREET_RD,27
108,WARRIGAL_RD N of HIGH STREET_RD,15
120,WARRIGAL_RD N of HIGH STREET_RD,24
132,WARRIGAL_RD N of HIGH STREET_RD,16
144,WARRIGAL_RD N of HIGH STREET_RD,19
156,WARRIGAL_RD N of HIGH STREET_RD,9
168,WARRIGAL_RD N of HIGH STREET_RD,15
180,WARRIGAL_RD N of HIGH STREET_RD,16
192,WARRIGAL_RD N of HIGH STREET_RD,20
204,WARRIGAL_RD N of HIGH STREET_RD,13
216,WARRIGAL_RD N of HIGH STREET_RD,20
228,WARRIGAL_RD N of HIGH STREET_RD,16
240,WARRIGAL_RD N of HIGH STREET_RD,23
252,WARRIGAL_RD N of HIGH STREET_RD,30
264,WARRIGAL_RD N of HIGH STREET_RD,39
276,WARRIGAL_RD N of HIGH STREET_RD,39
288,WARRIGAL_RD N of HIGH STREET_RD,48
300,WARRIGAL_RD N of HIGH STREET_RD,66
312,WARRIGAL_RD N of HIGH STREET_RD,100
324,WARRIGAL_RD N of HIGH STREET_RD,89
336,WARRIGAL_RD N of HIGH STREET_RD,98
348,WARRIGAL_RD N of HIGH STREET_RD,114
360,WARRIGAL_RD N of HIGH STREET_RD,128
372,WARRIGAL_RD N of HIGH STREET_RD,169
384,WARRIGAL_RD N of HIGH STREET_RD,201
396,WARRIGAL_RD N of HIGH STREET_RD,215
408,WARRIGAL_RD N of HIGH STREET_RD,254
420,WARRIGAL_RD N of HIGH STREET_RD,263
432,WARRIGAL_RD N of HIGH STREET_RD,270
444,WARRIGAL_RD N of HIGH STREET_RD,295
456,WARRIGAL_RD N of HIGH STREET_RD,326
468,WARRIGAL_RD N of HIGH STREET_RD,327
480,WARRIGAL_RD N of HIGH STREET_RD,292
492,WARRIGAL_RD N of HIGH STREET_RD,325
504,WARRIGAL_RD N of HIGH STREET_RD,365
516,WARRIGAL_RD N of HIGH STREET_RD,359
528,WARRIGAL_RD N of HIGH STREET_RD,332
540,WARRIGAL_RD N of HIGH STREET_RD,388
552,WARRIGAL_RD N of HIGH STREET_RD,358
564,WARRIGAL_RD N of HIGH STREET_RD,343
576,WARRIGAL_RD N of HIGH STREET_RD,350
588,WARRIGAL_RD N of HIGH STREET_RD,397
600,WARRIGAL_RD N of HIGH STREET_RD,331
612,WARRIGAL_RD N of HIGH STREET_RD,386
624,WARRIGAL_RD N of HIGH STREET_RD,373
636,WARRIGAL_RD N of HIGH STREET_RD,357
648,WARRIGAL_RD N of HIGH STREET_RD,343
660,WARRIGAL_RD N of HIGH STREET_RD,373
672,WARRIGAL_RD N of HIGH STREET_RD,387
684,WARRIGAL_RD N of HIGH STREET_RD,337
696,WARRIGAL_RD N of HIGH STREET_RD,370
708,WARRIGAL_RD N of HIGH STREET_RD,309
720,WARRIGAL_RD N of HIGH STREET_RD,325
732,WARRIGAL_RD N of HIGH STREET_RD,305
744,WARRIGAL_RD N of HIGH STREET_RD,280
756,WARRIGAL_RD N of HIGH STREET_RD,276
768,WARRIGAL_RD N of HIGH STREET_RD,274
780,WARRIGAL_RD N of HIGH STREET_RD,266
792,WARRIGAL_RD N of HIGH STREET_RD,273
804,WARRIGAL_RD N of HIGH STREET_RD,247
816,WARRIGAL_RD N of HIGH STREET_RD,236
828,WARRIGAL_RD N of HIGH STREET_RD,278
840,WARRIGAL_RD N of HIGH STREET_RD,271
852,WARRIGAL_RD N of HIGH STREET_RD,281
864,WARRIGAL_RD N of HIGH STREET_RD,255
876,WARRIGAL_RD N of HIGH STREET_RD,254
888,WARRIGAL_RD N of HIGH STREET_RD,243
900,WARRIGAL_RD N of HIGH STREET_RD,218
912,WARRIGAL_RD N of HIGH STREET_RD,208
924,WARRIGAL_RD N of HIGH STREET_RD,205
936,WARRIGAL_RD N of HIGH STREET_RD,211
948,WARRIGAL_RD N of HIGH STREET_RD,182
960,WARRIGAL_RD N of HIGH STREET_RD,162
972,WARRIGAL_RD N of HIGH STREET_RD,142
984,WARRIGAL_RD N of HIGH STREET_RD,133
996,WARRIGAL_RD N of HIGH STREET_RD,152
1008,WARRIGAL_RD N of HIGH STREET_RD,138
1020,WARRIGAL_RD N of HIGH STREET_RD,120
1032,WARRIGAL_RD N of HIGH STREET_RD,120
1044,WARRIGAL_RD N of HIGH STREET_RD,117
1056,WARRIGAL_RD N of HIGH STREET_RD,122
1068,WARRIGAL_RD N of HIGH STREET_RD,89
1080,WARRIGAL_RD N of HIGH STREET_RD,119
1092,WARRIGAL_RD N of HIGH STREET_RD,130
1104,WARRIGAL_RD N of HIGH STREET_RD,140
1116,WARRIGAL_RD N of HIGH STREET_RD,122
1128,WARRIGAL_RD N of HIGH STREET_RD,134
1140,WARRIGAL_RD N of HIGH STREET_RD,109
1,WARRIGAL_RD N of HIGH STREET_RD,107
13,WARRIGAL_RD N of HIGH STREET_RD,100
25,WARRIGAL_RD N of HIGH STREET_RD,71
37,WARRIGAL_RD N of HIGH STREET_RD,70
49,WARRIGAL_RD N of HIGH STREET_RD,60
61,WARRIGAL_RD N of HIGH STREET_RD,61
73,WARRIGAL_RD N of HIGH STREET_RD,34
85,WARRIGAL_RD N of HIGH STREET_RD,29
97,WARRIGAL_RD N of HIGH STREET_RD,42
109,WARRIGAL_RD N of HIGH STREET_RD,35
121,WARRIGAL_RD N of HIGH STREET_RD,29
133,WARRIGAL_RD N of HIGH STREET_RD,25
145,WARRIGAL_RD N of HIGH STREET_RD,23
157,WARRIGAL_RD N of HIGH STREET_RD,17
169,WARRIGAL_RD N of HIGH STREET_RD,26
181,WARRIGAL_RD N of HIGH STREET_RD,16
193,WARRIGAL_RD N of HIGH STREET_RD,17
205,WARRIGAL_RD N of HIGH STREET_RD,11
217,WARRIGAL_RD N of HIGH STREET_RD,8
229,WARRIGAL_RD N of HIGH STREET_RD,15
241,WARRIGAL_RD N of HIGH STREET_RD,9
253,WARRIGAL_RD N of HIGH STREET_RD,18
265,WARRIGAL_RD N of HIGH STREET_RD,17
277,WARRIGAL_RD N of HIGH STREET_RD,24
289,WARRIGAL_RD N of HIGH STREET_RD,35
301,WARRIGAL_RD N of HIGH STREET_RD,34
313,WARRIGAL_RD N of HIGH STREET_RD,71
325,WARRIGAL_RD N of HIGH STREET_RD,66
337,WARRIGAL_RD N of HIGH STREET_RD,53
349,WARRIGAL_RD N of HIGH STREET_RD,68
361,WARRIGAL_RD N of HIGH STREET_RD,76
373,WARRIGAL_RD N of HIGH STREET_RD,66
385,WARRIGAL_RD N of HIGH STREET_RD,77
397,WARRIGAL_RD N of HIGH STREET_RD,102
409,WARRIGAL_RD N of HIGH STREET_RD,136
421,WARRIGAL_RD N of HIGH STREET_RD,149
433,WARRIGAL_RD N of HIGH STREET_RD,143
445,WARRIGAL_RD N of HIGH STREET_RD,158
457,WARRIGAL_RD N of HIGH STREET_RD,244
469,WARRIGAL_RD N of HIGH STREET_RD,279
481,WARRIGAL_RD N of HIGH STREET_RD,258
493,WARRIGAL_RD N of HIGH STREET_RD,241
505,WARRIGAL_RD N of HIGH STREET_RD,266
517,WARRIGAL_RD N of HIGH STREET_RD,271
529,WARRIGAL_RD N of HIGH STREET_RD,310
541,WARRIGAL_RD N of HIGH STREET_RD,307
553,WARRIGAL_RD N of HIGH STREET_RD,291
565,WARRIGAL_RD N of HIGH STREET_RD,310
577,WARRIGAL_RD N of HIGH STREET_RD,279
589,WARRIGAL_RD N of HIGH STREET_RD,302
601,WARRIGAL_RD N of HIGH STREET_RD,340
613,WARRIGAL_RD N of HIGH STREET_RD,309
625,WARRIGAL_RD N of HIGH STREET_RD,346
637,WARRIGAL_RD N of HIGH STREET_RD,341
649,WARRIGAL_RD N of HIGH STREET_RD,332
661,WARRIGAL_RD N of HIGH STREET_RD,392
673,WARRIGAL_RD N of HIGH STREET_RD,279
685,WARRIGAL_RD N of HIGH STREET_RD,338
697,WARRIGAL_RD N of HIGH STREET_RD,316
709,WARRIGAL_RD N of HIGH STREET_RD,306
721,WARRIGAL_RD N of HIGH STREET_RD,294
733,WARRIGAL_RD N of HIGH STREET_RD,327
745,WARRIGAL_RD N of HIGH STREET_RD,293
757,WARRIGAL_RD N of HIGH STREET_RD,286
769,WARRIGAL_RD N of HIGH STREET_RD,270
781,WARRIGAL_RD N of HIGH STREET_RD,254
793,WARRIGAL_RD N of HIGH STREET_RD,260
805,WARRIGAL_RD N of HIGH STREET_RD,289
817,WARRIGAL_RD N of HIGH STREET_RD,292
829,WARRIGAL_RD N of HIGH STREET_RD,287
841,WARRIGAL_RD N of HIGH STREET_RD,227
853,WARRIGAL_RD N of HIGH STREET_RD,236
865,WARRIGAL_RD N of HIGH STREET_RD,221
877,WARRIGAL_RD N of HIGH STREET_RD,202
889,WARRIGAL_RD N of HIGH STREET_RD,210
901,WARRIGAL_RD N of HIGH STREET_RD,196
913,WARRIGAL_RD N of HIGH STREET_RD,160
925,WARRIGAL_RD N of HIGH STREET_RD,172
937,WARRIGAL_RD N of HIGH STREET_RD,148
949,WARRIGAL_RD N of HIGH STREET_RD,151
961,WARRIGAL_RD N of HIGH STREET_RD,145
973,WARRIGAL_RD N of HIGH STREET_RD,138
985,WARRIGAL_RD N of HIGH STREET_RD,106
997,WARRIGAL_RD N of HIGH STREET_RD,125
1009,WARRIGAL_RD N of HIGH STREET_RD,125
1021,WARRIGAL_RD N of HIGH STREET_RD,112
1033,WARRIGAL_RD N of HIGH STREET_RD,102
1045,WARRIGAL_RD N of HIGH STREET_RD,105
1057,WARRIGAL_RD N of HIGH STREET_RD,108
1069,WARRIGAL_RD N of HIGH STREET_RD,99
1081,WARRIGAL_RD N of HIGH STREET_RD,76
1093,WARRIGAL_RD N of HIGH STREET_RD,65
1105,WARRIGAL_RD N of HIGH STREET_RD,56
1117,WARRIGAL_RD N of HIGH STREET_RD,49
1129,WARRIGAL_RD N of HIGH STREET_RD,47
1141,WARRIGAL_RD N of HIGH STREET_RD,28
2,WARRIGAL_RD N of HIGH STREET_RD,33
14,WARRIGAL_RD N of HIGH STREET_RD,28
26,WARRIGAL_RD N of HIGH STREET_RD,17
38,WARRIGAL_RD N of HIGH STREET_RD,12
50,WARRIGAL_RD N of HIGH STREET_RD,15
62,WARRIGAL_RD N of HIGH STREET_RD,9
74,WARRIGAL_RD N of HIGH STREET_RD,9
86,WARRIGAL_RD N of HIGH STREET_RD,11
98,WARRIGAL_RD N of HIGH STREET_RD,13
110,WARRIGAL_RD N of HIGH STREET_RD,5
122,WARRIGAL_RD N of HIGH STREET_RD,8
134,WARRIGAL_RD N of HIGH STREET_RD,6
146,WARRIGAL_RD N of HIGH STREET_RD,10
158,WARRIGAL_RD N of HIGH STREET_RD,9
170,WARRIGAL_RD N of HIGH STREET_RD,4
182,WARRIGAL_RD N of HIGH STREET_RD,11
194,WARRIGAL_RD N of HIGH STREET_RD,17
206,WARRIGAL_RD N of HIGH STREET_RD,13
218,WARRIGAL_RD N of HIGH STREET_RD,16
230,WARRIGAL_RD N of HIGH STREET_RD,11
242,WARRIGAL_RD N of HIGH STREET_RD,20
254,WARRIGAL_RD N of HIGH STREET_RD,51
266,WARRIGAL_RD N of HIGH STREET_RD,51
278,WARRIGAL_RD N of HIGH STREET_RD,64
290,WARRIGAL_RD N of HIGH STREET_RD,93
302,WARRIGAL_RD N of HIGH STREET_RD,129
314,WARRIGAL_RD N of HIGH STREET_RD,228
326,WARRIGAL_RD N of HIGH STREET_RD,226
338,WARRIGAL_RD N of HIGH STREET_RD,275
350,WARRIGAL_RD N of HIGH STREET_RD,314
362,WARRIGAL_RD N of HIGH STREET_RD,304
374,WARRIGAL_RD N of HIGH STREET_RD,422
386,WARRIGAL_RD N of HIGH STREET_RD,386
398,WARRIGAL_RD N of HIGH STREET_RD,426
410,WARRIGAL_RD N of HIGH STREET_RD,369
422,WARRIGAL_RD N of HIGH STREET_RD,347
434,WARRIGAL_RD N of HIGH STREET_RD,304
446,WARRIGAL_RD N of HIGH STREET_RD,302
458,WARRIGAL_RD N of HIGH STREET_RD,310
470,WARRIGAL_RD N of HIGH STREET_RD,268
482,WARRIGAL_RD N of HIGH STREET_RD,268
494,WARRIGAL_RD N of HIGH STREET_RD,247
506,WARRIGAL_RD N of HIGH STREET_RD,273
518,WARRIGAL_RD N of HIGH STREET_RD,276
530,WARRIGAL_RD N of HIGH STREET_RD,271
542,WARRIGAL_RD N of HIGH STREET_RD,257
554,WARRIGAL_RD N of HIGH STREET_RD,266
566,WARRIGAL_RD N of HIGH STREET_RD,283
578,WARRIGAL_RD N of HIGH STREET_RD,282
590,WARRIGAL_RD N of HIGH STREET_RD,270
602,WARRIGAL_RD N of HIGH STREET_RD,296
614,WARRIGAL_RD N of HIGH STREET_RD,249
626,WARRIGAL_RD N of HIGH STREET_RD,250
638,WARRIGAL_RD N of HIGH STREET_RD,279
650,WARRIGAL_RD N of HIGH STREET_RD,269
662,WARRIGAL_RD N of HIGH STREET_RD,278
674,WARRIGAL_RD N of HIGH STREET_RD,262
686,WARRIGAL_RD N of HIGH STREET_RD,266
698,WARRIGAL_RD N of HIGH STREET_RD,247
710,WARRIGAL_RD N of HIGH STREET_RD,290
722,WARRIGAL_RD N of HIGH STREET_RD,259
734,WARRIGAL_RD N of HIGH STREET_RD,254
746,WARRIGAL_RD N of HIGH STREET_RD,305
758,WARRIGAL_RD N of HIGH STREET_RD,301
770,WARRIGAL_RD N of HIGH STREET_RD,306
782,WARRIGAL_RD N of HIGH STREET_RD,354
794,WARRIGAL_RD N of HIGH STREET_RD,284
806,WARRIGAL_RD N of HIGH STREET_RD,319
818,WARRIGAL_RD N of HIGH STREET_RD,302
830,WARRIGAL_RD N of HIGH STREET_RD,369
842,WARRIGAL_RD N of HIGH STREET_RD,354
854,WARRIGAL_RD N of HIGH STREET_RD,303
866,WARRIGAL_RD N of HIGH STREET_RD,292
878,WARRIGAL_RD N of HIGH STREET_RD,272
890,WARRIGAL_RD N of HIGH STREET_RD,237
902,WARRIGAL_RD N of HIGH STREET_RD,226
914,WARRIGAL_RD N of HIGH STREET_RD,193
926,WARRIGAL_RD N of HIGH STREET_RD,207
938,WARRIGAL_RD N of HIGH STREET_RD,163
950,WARRIGAL_RD N of HIGH STREET_RD,133
962,WARRIGAL_RD N of HIGH STREET_RD,161
974,WARRIGAL_RD N of HIGH STREET_RD,126
986,WARRIGAL_RD N of HIGH STREET_RD,116
998,WARRIGAL_RD N of HIGH STREET_RD,109
1010,WARRIGAL_RD N of HIGH STREET_RD,128
1022,WARRIGAL_RD N of HIGH STREET_RD,124
1034,WARRIGAL_RD N of HIGH STREET_RD,111
1046,WARRIGAL_RD N of HIGH STREET_RD,134
1058,WARRIGAL_RD N of HIGH STREET_RD,96
1070,WARRIGAL_RD N of HIGH STREET_RD,91
1082,WARRIGAL_RD N of HIGH STREET_RD,79
1094,WARRIGAL_RD N of HIGH STREET_RD,74
1106,WARRIGAL_RD N of HIGH STREET_RD,64
1118,WARRIGAL_RD N of HIGH STREET_RD,37
1130,WARRIGAL_RD N of HIGH STREET_RD,35
1142,WARRIGAL_RD N of HIGH STREET_RD,37
3,WARRIGAL_RD N of HIGH STREET_RD,25
15,WARRIGAL_RD N of HIGH STREET_RD,27
27,WARRIGAL_RD N of HIGH STREET_RD,25
39,WARRIGAL_RD N of HIGH STREET_RD,11
51,WARRIGAL_RD N of HIGH STREET_RD,11
63,WARRIGAL_RD N of HIGH STREET_RD,12
75,WARRIGAL_RD N of HIGH STREET_RD,11
87,WARRIGAL_RD N of HIGH STREET_RD,11
99,WARRIGAL_RD N of HIGH STREET_RD,13
111,WARRIGAL_RD N of HIGH STREET_RD,8
123,WARRIGAL_RD N of HIGH STREET_RD,10
135,WARRIGAL_RD N of HIGH STREET_RD,5
147,WARRIGAL_RD N of HIGH STREET_RD,5
159,WARRIGAL_RD N of HIGH STREET_RD,4
171,WARRIGAL_RD N of HIGH STREET_RD,7
183,WARRIGAL_RD N of HIGH STREET_RD,7
195,WARRIGAL_RD N of HIGH STREET_RD,19
207,WARRIGAL_RD N of HIGH STREET_RD,12
219,WARRIGAL_RD N of HIGH STREET_RD,20
231,WARRIGAL_RD N of HIGH STREET_RD,15
243,WARRIGAL_RD N of HIGH STREET_RD,24
255,WARRIGAL_RD N of HIGH STREET_RD,39
267,WARRIGAL_RD N of HIGH STREET_RD,63
279,WARRIGAL_RD N of HIGH STREET_RD,68
291,WARRIGAL_RD N of HIGH STREET_RD,98
303,WARRIGAL_RD N of HIGH STREET_RD,158
315,WARRIGAL_RD N of HIGH STREET_RD,251
327,WARRIGAL_RD N of HIGH STREET_RD,223
339,WARRIGAL_RD N of HIGH STREET_RD,287
351,WARRIGAL_RD N of HIGH STREET_RD,354
363,WARRIGAL_RD N of HIGH STREET_RD,362
375,WARRIGAL_RD N of HIGH STREET_RD,360
387,WARRIGAL_RD N of HIGH STREET_RD,406
399,WARRIGAL_RD N of HIGH STREET_RD,405
411,WARRIGAL_RD N of HIGH STREET_RD,362
423,WARRIGAL_RD N of HIGH STREET_RD,289
435,WARRIGAL_RD N of HIGH STREET_RD,344
447,WARRIGAL_RD N of HIGH STREET_RD,386
459,WARRIGAL_RD N of HIGH STREET_RD,331
471,WARRIGAL_RD N of HIGH STREET_RD,318
483,WARRIGAL_RD N of HIGH STREET_RD,285
495,WARRIGAL_RD N of HIGH STREET_RD,319
507,WARRIGAL_RD N of HIGH STREET_RD,287
519,WARRIGAL_RD N of HIGH STREET_RD,274
531,WARRIGAL_RD N of HIGH STREET_RD,254
543,WARRIGAL_RD N of HIGH STREET_RD,287
555,WARRIGAL_RD N of HIGH STREET_RD,279
567,WARRIGAL_RD N of HIGH STREET_RD,235
579,WARRIGAL_RD N of HIGH STREET_RD,240
591,WARRIGAL_RD N of HIGH STREET_RD,323
603,WARRIGAL_RD N of HIGH STREET_RD,281
615,WARRIGAL_RD N of HIGH STREET_RD,270
627,WARRIGAL_RD N of HIGH STREET_RD,239
639,WARRIGAL_RD N of HIGH STREET_RD,274
651,WARRIGAL_RD N of HIGH STREET_RD,278
663,WARRIGAL_RD N of HIGH STREET_RD,289
675,WARRIGAL_RD N of HIGH STREET_RD,283
687,WARRIGAL_RD N of HIGH STREET_RD,258
699,WARRIGAL_RD N of HIGH STREET_RD,282
711,WARRIGAL_RD N of HIGH STREET_RD,257
723,WARRIGAL_RD N of HIGH STREET_RD,275
735,WARRIGAL_RD N of HIGH STREET_RD,284
747,WARRIGAL_RD N of HIGH STREET_RD,286
759,WARRIGAL_RD N of HIGH STREET_RD,254
771,WARRIGAL_RD N of HIGH STREET_RD,313
783,WARRIGAL_RD N of HIGH STREET_RD,307
795,WARRIGAL_RD N of HIGH STREET_RD,301
807,WARRIGAL_RD N of HIGH STREET_RD,307
819,WARRIGAL_RD N of HIGH STREET_RD,312
831,WARRIGAL_RD N of HIGH STREET_RD,348
843,WARRIGAL_RD N of HIGH STREET_RD,350
855,WARRIGAL_RD N of HIGH STREET_RD,319
867,WARRIGAL_RD N of HIGH STREET_RD,318
879,WARRIGAL_RD N of HIGH STREET_RD,286
891,WARRIGAL_RD N of HIGH STREET_RD,231
903,WARRIGAL_RD N of HIGH STREET_RD,241
915,WARRIGAL_RD N of HIGH STREET_RD,206
927,WARRIGAL_RD N of HIGH STREET_RD,226
939,WARRIGAL_RD N of HIGH STREET_RD,184
951,WARRIGAL_RD N of HIGH STREET_RD,159
963,WARRIGAL_RD N of HIGH STREET_RD,135
975,WARRIGAL_RD N of HIGH STREET_RD,151
987,WARRIGAL_RD N of HIGH STREET_RD,151
999,WARRIGAL_RD N of HIGH STREET_RD,145
1011,WARRIGAL_RD N of HIGH STREET_RD,126
1023,WARRIGAL_RD N of HIGH STREET_RD,141
1035,WARRIGAL_RD N of HIGH STREET_RD,135
1047,WARRIGAL_RD N of HIGH STREET_RD,126
1059,WARRIGAL_RD N of HIGH STREET_RD,122
1071,WARRIGAL_RD N of HIGH STREET_RD,125
1083,WARRIGAL_RD N of HIGH STREET_RD,106
1095,WARRIGAL_RD N of HIGH STREET_RD,101
1107,WARRIGAL_RD N of HIGH STREET_RD,65
1119,WARRIGAL_RD N of HIGH STREET_RD,52
1131,WARRIGAL_RD N of HIGH STREET_RD,47
1143,WARRIGAL_RD N of HIGH STREET_RD,36
4,WARRIGAL_RD N of HIGH STREET_RD,32
16,WARRIGAL_RD N of HIGH STREET_RD,33
28,WARRIGAL_RD N of HIGH STREET_RD,25
40,WARRIGAL_RD N of HIGH STREET_RD,18
52,WARRIGAL_RD N of HIGH STREET_RD,11
64,WARRIGAL_RD N of HIGH STREET_RD,9
76,WARRIGAL_RD N of HIGH STREET_RD,16
88,WARRIGAL_RD N of HIGH STREET_RD,11
100,WARRIGAL_RD N of HIGH STREET_RD,9
112,WARRIGAL_RD N of HIGH STREET_RD,11
124,WARRIGAL_RD N of HIGH STREET_RD,11
136,WARRIGAL_RD N of HIGH STREET_RD,4
148,WARRIGAL_RD N of HIGH STREET_RD,11
160,WARRIGAL_RD N of HIGH STREET_RD,7
172,WARRIGAL_RD N of HIGH STREET_RD,6
184,WARRIGAL_RD N of HIGH STREET_RD,8
196,WARRIGAL_RD N of HIGH STREET_RD,10
208,WARRIGAL_RD N of HIGH STREET_RD,14
220,WARRIGAL_RD N of HIGH STREET_RD,15
232,WARRIGAL_RD N of HIGH STREET_RD,13
244,WARRIGAL_RD N of HIGH STREET_RD,29
256,WARRIGAL_RD N of HIGH STREET_RD,49
268,WARRIGAL_RD N of HIGH STREET_RD,66
280,WARRIGAL_RD N of HIGH STREET_RD,74
292,WARRIGAL_RD N of HIGH STREET_RD,97
304,WARRIGAL_RD N of HIGH STREET_RD,158
316,WARRIGAL_RD N of HIGH STREET_RD,242
328,WARRIGAL_RD N of HIGH STREET_RD,274
340,WARRIGAL_RD N of HIGH STREET_RD,251
352,WARRIGAL_RD N of HIGH STREET_RD,337
364,WARRIGAL_RD N of HIGH STREET_RD,421
376,WARRIGAL_RD N of HIGH STREET_RD,326
388,WARRIGAL_RD N of HIGH STREET_RD,419
400,WARRIGAL_RD N of HIGH STREET_RD,373
412,WARRIGAL_RD N of HIGH STREET_RD,322
424,WARRIGAL_RD N of HIGH STREET_RD,365
436,WARRIGAL_RD N of HIGH STREET_RD,288
448,WARRIGAL_RD N of HIGH STREET_RD,382
460,WARRIGAL_RD N of HIGH STREET_RD,350
472,WARRIGAL_RD N of HIGH STREET_RD,301
484,WARRIGAL_RD N of HIGH STREET_RD,283
496,WARRIGAL_RD N of HIGH STREET_RD,267
508,WARRIGAL_RD N of HIGH STREET_RD,303
520,WARRIGAL_RD N of HIGH STREET_RD,298
532,WARRIGAL_RD N of HIGH STREET_RD,283
544,WARRIGAL_RD N of HIGH STREET_RD,315
556,WARRIGAL_RD N of HIGH STREET_RD,286
568,WARRIGAL_RD N of HIGH STREET_RD,293
580,WARRIGAL_RD N of HIGH STREET_RD,287
592,WARRIGAL_RD N of HIGH STREET_RD,264
604,WARRIGAL_RD N of HIGH STREET_RD,322
616,WARRIGAL_RD N of HIGH STREET_RD,249
628,WARRIGAL_RD N of HIGH STREET_RD,288
640,WARRIGAL_RD N of HIGH STREET_RD,272
652,WARRIGAL_RD N of HIGH STREET_RD,278
664,WARRIGAL_RD N of HIGH STREET_RD,284
676,WARRIGAL_RD N of HIGH STREET_RD,294
688,WARRIGAL_RD N of HIGH STREET_RD,297
700,WARRIGAL_RD N of HIGH STREET_RD,287
712,WARRIGAL_RD N of HIGH STREET_RD,311
724,WARRIGAL_RD N of HIGH STREET_RD,299
736,WARRIGAL_RD N of HIGH STREET_RD,292
748,WARRIGAL_RD N of HIGH STREET_RD,335
760,WARRIGAL_RD N of HIGH STREET_RD,325
772,WARRIGAL_RD N of HIGH STREET_RD,344
784,WARRIGAL_RD N of HIGH STREET_RD,375
796,WARRIGAL_RD N of HIGH STREET_RD,273
808,WARRIGAL_RD N of HIGH STREET_RD,339
820,WARRIGAL_RD N of HIGH STREET_RD,330
832,WARRIGAL_RD N of HIGH STREET_RD,364
844,WARRIGAL_RD N of HIGH STREET_RD,331
856,WARRIGAL_RD N of HIGH STREET_RD,355
868,WARRIGAL_RD N of HIGH STREET_RD,331
880,WARRIGAL_RD N of HIGH STREET_RD,299
892,WARRIGAL_RD N of HIGH STREET_RD,273
904,WARRIGAL_RD N of HIGH STREET_RD,240
916,WARRIGAL_RD N of HIGH STREET_RD,287
928,WARRIGAL_RD N of HIGH STREET_RD,210
940,WARRIGAL_RD N of HIGH STREET_RD,177
952,WARRIGAL_RD N of HIGH STREET_RD,219
964,WARRIGAL_RD N of HIGH STREET_RD,156
976,WARRIGAL_RD N of HIGH STREET_RD,132
988,WARRIGAL_RD N of HIGH STREET_RD,135
1000,WARRIGAL_RD N of HIGH STREET_RD,137
1012,WARRIGAL_RD N of HIGH STREET_RD,131
1024,WARRIGAL_RD N of HIGH STREET_RD,118
1036,WARRIGAL_RD N of HIGH STREET_RD,124
1048,WARRIGAL_RD N of HIGH STREET_RD,128
1060,WARRIGAL_RD N of HIGH STREET_RD,132
1072,WARRIGAL_RD N of HIGH STREET_RD,127
1084,WARRIGAL_RD N of HIGH STREET_RD,87
1096,WARRIGAL_RD N of HIGH STREET_RD,92
1108,WARRIGAL_RD N of HIGH STREET_RD,54
1120,WARRIGAL_RD N of HIGH STREET_RD,67
1132,WARRIGAL_RD N of HIGH STREET_RD,61
1144,WARRIGAL_RD N of HIGH STREET_RD,32
5,WARRIGAL_RD N of HIGH STREET_RD,40
17,WARRIGAL_RD N of HIGH STREET_RD,36
29,WARRIGAL_RD N of HIGH STREET_RD,22
41,WARRIGAL_RD N of HIGH STREET_RD,21
53,WARRIGAL_RD N of HIGH STREET_RD,19
65,WARRIGAL_RD N of HIGH STREET_RD,12
77,WARRIGAL_RD N of HIGH STREET_RD,15
89,WARRIGAL_RD N of HIGH STREET_RD,15
101,WARRIGAL_RD N of HIGH STREET_RD,7
113,WARRIGAL_RD N of HIGH STREET_RD,9
125,WARRIGAL_RD N of HIGH STREET_RD,4
137,WARRIGAL_RD N of HIGH STREET_RD,6
149,WARRIGAL_RD N of HIGH STREET_RD,4
161,WARRIGAL_RD N of HIGH STREET_RD,5
173,WARRIGAL_RD N of HIGH STREET_RD,6
185,WARRIGAL_RD N of HIGH STREET_RD,10
197,WARRIGAL_RD N of HIGH STREET_RD,11
209,WARRIGAL_RD N of HIGH STREET_RD,9
221,WARRIGAL_RD N of HIGH STREET_RD,19
233,WARRIGAL_RD N of HIGH STREET_RD,18
245,WARRIGAL_RD N of HIGH STREET_RD,25
257,WARRIGAL_RD N of HIGH STREET_RD,39
269,WARRIGAL_RD N of HIGH STREET_RD,69
281,WARRIGAL_RD N of HIGH STREET_RD,74
293,WARRIGAL_RD N of HIGH STREET_RD,107
305,WARRIGAL_RD N of HIGH STREET_RD,178
317,WARRIGAL_RD N of HIGH STREET_RD,232
329,WARRIGAL_RD N of HIGH STREET_RD,257
341,WARRIGAL_RD N of HIGH STREET_RD,271
353,WARRIGAL_RD N of HIGH STREET_RD,360
365,WARRIGAL_RD N of HIGH STREET_RD,378
377,WARRIGAL_RD N of HIGH STREET_RD,349
389,WARRIGAL_RD N of HIGH STREET_RD,435
401,WARRIGAL_RD N of HIGH STREET_RD,350
413,WARRIGAL_RD N of HIGH STREET_RD,423
425,WARRIGAL_RD N of HIGH STREET_RD,357
437,WARRIGAL_RD N of HIGH STREET_RD,327
449,WARRIGAL_RD N of HIGH STREET_RD,364
461,WARRIGAL_RD N of HIGH STREET_RD,301
473,WARRIGAL_RD N of HIGH STREET_RD,293
485,WARRIGAL_RD N of HIGH STREET_RD,307
497,WARRIGAL_RD N of HIGH STREET_RD,295
509,WARRIGAL_RD N of HIGH STREET_RD,313
521,WARRIGAL_RD N of HIGH STREET_RD,317
533,WARRIGAL_RD N of HIGH STREET_RD,277
545,WARRIGAL_RD N of HIGH STREET_RD,272
557,WARRIGAL_RD N of HIGH STREET_RD,334
569,WARRIGAL_RD N of HIGH STREET_RD,285
581,WARRIGAL_RD N of HIGH STREET_RD,281
593,WARRIGAL_RD N of HIGH STREET_RD,308
605,WARRIGAL_RD N of HIGH STREET_RD,298
617,WARRIGAL_RD N of HIGH STREET_RD,268
629,WARRIGAL_RD N of HIGH STREET_RD,276
641,WARRIGAL_RD N of HIGH STREET_RD,308
653,WARRIGAL_RD N of HIGH STREET_RD,319
665,WARRIGAL_RD N of HIGH STREET_RD,253
677,WARRIGAL_RD N of HIGH STREET_RD,293
689,WARRIGAL_RD N of HIGH STREET_RD,245
701,WARRIGAL_RD N of HIGH STREET_RD,289
713,WARRIGAL_RD N of HIGH STREET_RD,274
725,WARRIGAL_RD N of HIGH STREET_RD,305
737,WARRIGAL_RD N of HIGH STREET_RD,286
749,WARRIGAL_RD N of HIGH STREET_RD,326
761,WARRIGAL_RD N of HIGH STREET_RD,327
773,WARRIGAL_RD N of HIGH STREET_RD,375
785,WARRIGAL_RD N of HIGH STREET_RD,320
797,WARRIGAL_RD N of HIGH STREET_RD,355
809,WARRIGAL_RD N of HIGH STREET_RD,328
821,WARRIGAL_RD N of HIGH STREET_RD,380
833,WARRIGAL_RD N of HIGH STREET_RD,346
845,WARRIGAL_RD N of HIGH STREET_RD,351
857,WARRIGAL_RD N of HIGH STREET_RD,438
869,WARRIGAL_RD N of HIGH STREET_RD,334
881,WARRIGAL_RD N of HIGH STREET_RD,344
893,WARRIGAL_RD N of HIGH STREET_RD,303
905,WARRIGAL_RD N of HIGH STREET_RD,253
917,WARRIGAL_RD N of HIGH STREET_RD,249
929,WARRIGAL_RD N of HIGH STREET_RD,303
941,WARRIGAL_RD N of HIGH STREET_RD,227
953,WARRIGAL_RD N of HIGH STREET_RD,229
965,WARRIGAL_RD N of HIGH STREET_RD,186
977,WARRIGAL_RD N of HIGH STREET_RD,166
989,WARRIGAL_RD N of HIGH STREET_RD,160
1001,WARRIGAL_RD N of HIGH STREET_RD,140
1013,WARRIGAL_RD N of HIGH STREET_RD,121
1025,WARRIGAL_RD N of HIGH STREET_RD,131
1037,WARRIGAL_RD N of HIGH STREET_RD,203
1049,WARRIGAL_RD N of HIGH STREET_RD,197
1061,WARRIGAL_RD N of HIGH STREET_RD,132
1073,WARRIGAL_RD N of HIGH STREET_RD,120
1085,WARRIGAL_RD N of HIGH STREET_RD,113
1097,WARRIGAL_RD N of HIGH STREET_RD,86
1109,WARRIGAL_RD N of HIGH STREET_RD,67
1121,WARRIGAL_RD N of HIGH STREET_RD,73
1133,WARRIGAL_RD N of HIGH STREET_RD,37
1145,WARRIGAL_RD N of HIGH STREET_RD,48
6,WARRIGAL_RD N of HIGH STREET_RD,30
18,WARRIGAL_RD N of HIGH STREET_RD,31
30,WARRIGAL_RD N of HIGH STREET_RD,16
42,WARRIGAL_RD N of HIGH STREET_RD,16
54,WARRIGAL_RD N of HIGH STREET_RD,20
66,WARRIGAL_RD N of HIGH STREET_RD,13
78,WARRIGAL_RD N of HIGH STREET_RD,22
90,WARRIGAL_RD N of HIGH STREET_RD,16
102,WARRIGAL_RD N of HIGH STREET_RD,10
114,WARRIGAL_RD N of HIGH STREET_RD,15
126,WARRIGAL_RD N of HIGH STREET_RD,14
138,WARRIGAL_RD N of HIGH STREET_RD,5
150,WARRIGAL_RD N of HIGH STREET_RD,11
162,WARRIGAL_RD N of HIGH STREET_RD,8
174,WARRIGAL_RD N of HIGH STREET_RD,18
186,WARRIGAL_RD N of HIGH STREET_RD,7
198,WARRIGAL_RD N of HIGH STREET_RD,12
210,WARRIGAL_RD N of HIGH STREET_RD,17
222,WARRIGAL_RD N of HIGH STREET_RD,10
234,WARRIGAL_RD N of HIGH STREET_RD,26
246,WARRIGAL_RD N of HIGH STREET_RD,25
258,WARRIGAL_RD N of HIGH STREET_RD,44
270,WARRIGAL_RD N of HIGH STREET_RD,69
282,WARRIGAL_RD N of HIGH STREET_RD,64
294,WARRIGAL_RD N of HIGH STREET_RD,100
306,WARRIGAL_RD N of HIGH STREET_RD,154
318,WARRIGAL_RD N of HIGH STREET_RD,246
330,WARRIGAL_RD N of HIGH STREET_RD,237
342,WARRIGAL_RD N of HIGH STREET_RD,289
354,WARRIGAL_RD N of HIGH STREET_RD,338
366,WARRIGAL_RD N of HIGH STREET_RD,360
378,WARRIGAL_RD N of HIGH STREET_RD,368
390,WARRIGAL_RD N of HIGH STREET_RD,417
402,WARRIGAL_RD N of HIGH STREET_RD,390
414,WARRIGAL_RD N of HIGH STREET_RD,404
426,WARRIGAL_RD N of HIGH STREET_RD,386
438,WARRIGAL_RD N of HIGH STREET_RD,364
450,WARRIGAL_RD N of HIGH STREET_RD,346
462,WARRIGAL_RD N of HIGH STREET_RD,330
474,WARRIGAL_RD N of HIGH STREET_RD,322
486,WARRIGAL_RD N of HIGH STREET_RD,276
498,WARRIGAL_RD N of HIGH STREET_RD,281
510,WARRIGAL_RD N of HIGH STREET_RD,298
522,WARRIGAL_RD N of HIGH STREET_RD,327
534,WARRIGAL_RD N of HIGH STREET_RD,288
546,WARRIGAL_RD N of HIGH STREET_RD,293
558,WARRIGAL_RD N of HIGH STREET_RD,295
570,WARRIGAL_RD N of HIGH STREET_RD,294
582,WARRIGAL_RD N of HIGH STREET_RD,307
594,WARRIGAL_RD N of HIGH STREET_RD,299
606,WARRIGAL_RD N of HIGH STREET_RD,271
618,WARRIGAL_RD N of HIGH STREET_RD,299
630,WARRIGAL_RD N of HIGH STREET_RD,332
642,WARRIGAL_RD N of HIGH STREET_RD,308
654,WARRIGAL_RD N of HIGH STREET_RD,321
666,WARRIGAL_RD N of HIGH STREET_RD,272
678,WARRIGAL_RD N of HIGH STREET_RD,309
690,WARRIGAL_RD N of HIGH STREET_RD,305
702,WARRIGAL_RD N of HIGH STREET_RD,277
714,WARRIGAL_RD N of HIGH STREET_RD,289
726,WARRIGAL_RD N of HIGH STREET_RD,342
738,WARRIGAL_RD N of HIGH STREET_RD,337
750,WARRIGAL_RD N of HIGH STREET_RD,299
762,WARRIGAL_RD N of HIGH STREET_RD,335
774,WARRIGAL_RD N of HIGH STREET_RD,325
786,WARRIGAL_RD N of HIGH STREET_RD,388
798,WARRIGAL_RD N of HIGH STREET_RD,318
810,WARRIGAL_RD N of HIGH STREET_RD,352
822,WARRIGAL_RD N of HIGH STREET_RD,337
834,WARRIGAL_RD N of HIGH STREET_RD,374
846,WARRIGAL_RD N of HIGH STREET_RD,355
858,WARRIGAL_RD N of HIGH STREET_RD,330
870,WARRIGAL_RD N of HIGH STREET_RD,388
882,WARRIGAL_RD N of HIGH STREET_RD,326
894,WARRIGAL_RD N of HIGH STREET_RD,350
906,WARRIGAL_RD N of HIGH STREET_RD,311
918,WARRIGAL_RD N of HIGH STREET_RD,281
930,WARRIGAL_RD N of HIGH STREET_RD,246
942,WARRIGAL_RD N of HIGH STREET_RD,249
954,WARRIGAL_RD N of HIGH STREET_RD,219
966,WARRIGAL_RD N of HIGH STREET_RD,197
978,WARRIGAL_RD N of HIGH STREET_RD,151
990,WARRIGAL_RD N of HIGH STREET_RD,131
1002,WARRIGAL_RD N of HIGH STREET_RD,148
1014,WARRIGAL_RD N of HIGH STREET_RD,135
1026,WARRIGAL_RD N of HIGH STREET_RD,131
1038,WARRIGAL_RD N of HIGH STREET_RD,136
1050,WARRIGAL_RD N of HIGH STREET_RD,135
1062,WARRIGAL_RD N of HIGH STREET_RD,119
1074,WARRIGAL_RD N of HIGH STREET_RD,101
1086,WARRIGAL_RD N of HIGH STREET_RD,131
1098,WARRIGAL_RD N of HIGH STREET_RD,110
1110,WARRIGAL_RD N of HIGH STREET_RD,124
1122,WARRIGAL_RD N of HIGH STREET_RD,93
1134,WARRIGAL_RD N of HIGH STREET_RD,94
1146,WARRIGAL_RD N of HIGH STREET_RD,80
7,WARRIGAL_RD N of HIGH STREET_RD,67
19,WARRIGAL_RD N of HIGH STREET_RD,57
31,WARRIGAL_RD N of HIGH STREET_RD,44
43,WARRIGAL_RD N of HIGH STREET_RD,47
55,WARRIGAL_RD N of HIGH STREET_RD,34
67,WARRIGAL_RD N of HIGH STREET_RD,29
79,WARRIGAL_RD N of HIGH STREET_RD,27
91,WARRIGAL_RD N of HIGH STREET_RD,16
103,WARRIGAL_RD N of HIGH STREET_RD,28
115,WARRIGAL_RD N of HIGH STREET_RD,24
127,WARRIGAL_RD N of HIGH STREET_RD,20
139,WARRIGAL_RD N of HIGH STREET_RD,16
151,WARRIGAL_RD N of HIGH STREET_RD,14
163,WARRIGAL_RD N of HIGH STREET_RD,11
175,WARRIGAL_RD N of HIGH STREET_RD,9
187,WARRIGAL_RD N of HIGH STREET_RD,11
199,WARRIGAL_RD N of HIGH STREET_RD,23
211,WARRIGAL_RD N of HIGH STREET_RD,14
223,WARRIGAL_RD N of HIGH STREET_RD,23
235,WARRIGAL_RD N of HIGH STREET_RD,24
247,WARRIGAL_RD N of HIGH STREET_RD,22
259,WARRIGAL_RD N of HIGH STREET_RD,26
271,WARRIGAL_RD N of HIGH STREET_RD,45
283,WARRIGAL_RD N of HIGH STREET_RD,44
295,WARRIGAL_RD N of HIGH STREET_RD,32
307,WARRIGAL_RD N of HIGH STREET_RD,69
319,WARRIGAL_RD N of HIGH STREET_RD,78
331,WARRIGAL_RD N of HIGH STREET_RD,73
343,WARRIGAL_RD N of HIGH STREET_RD,99
355,WARRIGAL_RD N of HIGH STREET_RD,99
367,WARRIGAL_RD N of HIGH STREET_RD,127
379,WARRIGAL_RD N of HIGH STREET_RD,158
391,WARRIGAL_RD N of HIGH STREET_RD,182
403,WARRIGAL_RD N of HIGH STREET_RD,216
415,WARRIGAL_RD N of HIGH STREET_RD,255
427,WARRIGAL_RD N of HIGH STREET_RD,267
439,WARRIGAL_RD N of HIGH STREET_RD,258
451,WARRIGAL_RD N of HIGH STREET_RD,261
463,WARRIGAL_RD N of HIGH STREET_RD,286
475,WARRIGAL_RD N of HIGH STREET_RD,294
487,WARRIGAL_RD N of HIGH STREET_RD,319
499,WARRIGAL_RD N of HIGH STREET_RD,339
511,WARRIGAL_RD N of HIGH STREET_RD,353
523,WARRIGAL_RD N of HIGH STREET_RD,352
535,WARRIGAL_RD N of HIGH STREET_RD,370
547,WARRIGAL_RD N of HIGH STREET_RD,348
559,WARRIGAL_RD N of HIGH STREET_RD,396
571,WARRIGAL_RD N of HIGH STREET_RD,346
583,WARRIGAL_RD N of HIGH STREET_RD,384
595,WARRIGAL_RD N of HIGH STREET_RD,391
607,WARRIGAL_RD N of HIGH STREET_RD,331
619,WARRIGAL_RD N of HIGH STREET_RD,396
631,WARRIGAL_RD N of HIGH STREET_RD,364
643,WARRIGAL_RD N of HIGH STREET_RD,406
655,WARRIGAL_RD N of HIGH STREET_RD,329
667,WARRIGAL_RD N of HIGH STREET_RD,388
679,WARRIGAL_RD N of HIGH STREET_RD,394
691,WARRIGAL_RD N of HIGH STREET_RD,376
703,WARRIGAL_RD N of HIGH STREET_RD,337
715,WARRIGAL_RD N of HIGH STREET_RD,327
727,WARRIGAL_RD N of HIGH STREET_RD,305
739,WARRIGAL_RD N of HIGH STREET_RD,306
751,WARRIGAL_RD N of HIGH STREET_RD,297
763,WARRIGAL_RD N of HIGH STREET_RD,323
775,WARRIGAL_RD N of HIGH STREET_RD,297
787,WARRIGAL_RD N of HIGH STREET_RD,313
799,WARRIGAL_RD N of HIGH STREET_RD,300
811,WARRIGAL_RD N of HIGH STREET_RD,271
823,WARRIGAL_RD N of HIGH STREET_RD,269
835,WARRIGAL_RD N of HIGH STREET_RD,267
847,WARRIGAL_RD N of HIGH STREET_RD,271
859,WARRIGAL_RD N of HIGH STREET_RD,285
871,WARRIGAL_RD N of HIGH STREET_RD,231
883,WARRIGAL_RD N of HIGH STREET_RD,247
895,WARRIGAL_RD N of HIGH STREET_RD,260
907,WARRIGAL_RD N of HIGH STREET_RD,241
919,WARRIGAL_RD N of HIGH STREET_RD,217
931,WARRIGAL_RD N of HIGH STREET_RD,237
943,WARRIGAL_RD N of HIGH STREET_RD,225
955,WARRIGAL_RD N of HIGH STREET_RD,180
967,WARRIGAL_RD N of HIGH STREET_RD,182
979,WARRIGAL_RD N of HIGH STREET_RD,181
991,WARRIGAL_RD N of HIGH STREET_RD,153
1003,WARRIGAL_RD N of HIGH STREET_RD,139
1015,WARRIGAL_RD N of HIGH STREET_RD,132
1027,WARRIGAL_RD N of HIGH STREET_RD,126
1039,WARRIGAL_RD N of HIGH STREET_RD,124
1051,WARRIGAL_RD N of HIGH STREET_RD,123
1063,WARRIGAL_RD N of HIGH STREET_RD,131
1075,WARRIGAL_RD N of HIGH STREET_RD,110
1087,WARRIGAL_RD N of HIGH STREET_RD,125
1099,WARRIGAL_RD N of HIGH STREET_RD,102
1111,WARRIGAL_RD N of HIGH STREET_RD,131
1123,WARRIGAL_RD N of HIGH STREET_RD,123
1135,WARRIGAL_RD N of HIGH STREET_RD,126
1147,WARRIGAL_RD N of HIGH STREET_RD,98
8,WARRIGAL_RD N of HIGH STREET_RD,94
20,WARRIGAL_RD N of HIGH STREET_RD,103
32,WARRIGAL_RD N of HIGH STREET_RD,102
44,WARRIGAL_RD N of HIGH STREET_RD,82
56,WARRIGAL_RD N of HIGH STREET_RD,47
68,WARRIGAL_RD N of HIGH STREET_RD,53
80,WARRIGAL_RD N of HIGH STREET_RD,36
92,WARRIGAL_RD N of HIGH STREET_RD,0
104,WARRIGAL_RD N of HIGH STREET_RD,0
116,WARRIGAL_RD N of HIGH STREET_RD,0
128,WARRIGAL_RD N of HIGH STREET_RD,0
140,WARRIGAL_RD N of HIGH STREET_RD,34
152,WARRIGAL_RD N of HIGH STREET_RD,32
164,WARRIGAL_RD N of HIGH STREET_RD,38
176,WARRIGAL_RD N of HIGH STREET_RD,35
188,WARRIGAL_RD N of HIGH STREET_RD,25
200,WARRIGAL_RD N of HIGH STREET_RD,28
212,WARRIGAL_RD N of HIGH STREET_RD,24
224,WARRIGAL_RD N of HIGH STREET_RD,31
236,WARRIGAL_RD N of HIGH STREET_RD,17
248,WARRIGAL_RD N of HIGH STREET_RD,30
260,WARRIGAL_RD N of HIGH STREET_RD,32
272,WARRIGAL_RD N of HIGH STREET_RD,16
284,WARRIGAL_RD N of HIGH STREET_RD,20
296,WARRIGAL_RD N of HIGH STREET_RD,31
308,WARRIGAL_RD N of HIGH STREET_RD,46
320,WARRIGAL_RD N of HIGH STREET_RD,49
332,WARRIGAL_RD N of HIGH STREET_RD,53
344,WARRIGAL_RD N of HIGH STREET_RD,49
356,WARRIGAL_RD N of HIGH STREET_RD,57
368,WARRIGAL_RD N of HIGH STREET_RD,74
380,WARRIGAL_RD N of HIGH STREET_RD,75
392,WARRIGAL_RD N of HIGH STREET_RD,81
404,WARRIGAL_RD N of HIGH STREET_RD,79
416,WARRIGAL_RD N of HIGH STREET_RD,87
428,WARRIGAL_RD N of HIGH STREET_RD,119
440,WARRIGAL_RD N of HIGH STREET_RD,119
452,WARRIGAL_RD N of HIGH STREET_RD,149
464,WARRIGAL_RD N of HIGH STREET_RD,178
476,WARRIGAL_RD N of HIGH STREET_RD,236
488,WARRIGAL_RD N of HIGH STREET_RD,194
500,WARRIGAL_RD N of HIGH STREET_RD,203
512,WARRIGAL_RD N of HIGH STREET_RD,232
524,WARRIGAL_RD N of HIGH STREET_RD,272
536,WARRIGAL_RD N of HIGH STREET_RD,287
548,WARRIGAL_RD N of HIGH STREET_RD,282
560,WARRIGAL_RD N of HIGH STREET_RD,316
572,WARRIGAL_RD N of HIGH STREET_RD,280
584,WARRIGAL_RD N of HIGH STREET_RD,308
596,WARRIGAL_RD N of HIGH STREET_RD,314
608,WARRIGAL_RD N of HIGH STREET_RD,354
620,WARRIGAL_RD N of HIGH STREET_RD,340
632,WARRIGAL_RD N of HIGH STREET_RD,303
644,WARRIGAL_RD N of HIGH STREET_RD,345
656,WARRIGAL_RD N of HIGH STREET_RD,321
668,WARRIGAL_RD N of HIGH STREET_RD,316
680,WARRIGAL_RD N of HIGH STREET_RD,297
692,WARRIGAL_RD N of HIGH STREET_RD,331
704,WARRIGAL_RD N of HIGH STREET_RD,354
716,WARRIGAL_RD N of HIGH STREET_RD,330
728,WARRIGAL_RD N of HIGH STREET_RD,323
740,WARRIGAL_RD N of HIGH STREET_RD,330
752,WARRIGAL_RD N of HIGH STREET_RD,348
764,WARRIGAL_RD N of HIGH STREET_RD,318
776,WARRIGAL_RD N of HIGH STREET_RD,298
788,WARRIGAL_RD N of HIGH STREET_RD,346
800,WARRIGAL_RD N of HIGH STREET_RD,301
812,WARRIGAL_RD N of HIGH STREET_RD,266
824,WARRIGAL_RD N of HIGH STREET_RD,257
836,WARRIGAL_RD N of HIGH STREET_RD,250
848,WARRIGAL_RD N of HIGH STREET_RD,267
860,WARRIGAL_RD N of HIGH STREET_RD,233
872,WARRIGAL_RD N of HIGH STREET_RD,252
884,WARRIGAL_RD N of HIGH STREET_RD,267
896,WARRIGAL_RD N of HIGH STREET_RD,214
908,WARRIGAL_RD N of HIGH STREET_RD,205
920,WARRIGAL_RD N of HIGH STREET_RD,195
932,WARRIGAL_RD N of HIGH STREET_RD,154
944,WARRIGAL_RD N of HIGH STREET_RD,147
956,WARRIGAL_RD N of HIGH STREET_RD,155
968,WARRIGAL_RD N of HIGH STREET_RD,143
980,WARRIGAL_RD N of HIGH STREET_RD,120
992,WARRIGAL_RD N of HIGH STREET_RD,132
1004,WARRIGAL_RD N of HIGH STREET_RD,151
1016,WARRIGAL_RD N of HIGH STREET_RD,153
1028,WARRIGAL_RD N of HIGH STREET_RD,132
1040,WARRIGAL_RD N of HIGH STREET_RD,129
1052,WARRIGAL_RD N of HIGH STREET_RD,115
1064,WARRIGAL_RD N of HIGH STREET_RD,97
1076,WARRIGAL_RD N of HIGH STREET_RD,105
1088,WARRIGAL_RD N of HIGH STREET_RD,82
1100,WARRIGAL_RD N of HIGH STREET_RD,66
1112,WARRIGAL_RD N of HIGH STREET_RD,72
1124,WARRIGAL_RD N of HIGH STREET_RD,39
1136,WARRIGAL_RD N of HIGH STREET_RD,52
1148,WARRIGAL_RD N of HIGH STREET_RD,48
9,WARRIGAL_RD N of HIGH STREET_RD,44
21,WARRIGAL_RD N of HIGH STREET_RD,37
33,WARRIGAL_RD N of HIGH STREET_RD,24
45,WARRIGAL_RD N of HIGH STREET_RD,20
57,WARRIGAL_RD N of HIGH STREET_RD,19
69,WARRIGAL_RD N of HIGH STREET_RD,15
81,WARRIGAL_RD N of HIGH STREET_RD,12
93,WARRIGAL_RD N of HIGH STREET_RD,16
105,WARRIGAL_RD N of HIGH STREET_RD,13
117,WARRIGAL_RD N of HIGH STREET_RD,9
129,WARRIGAL_RD N of HIGH STREET_RD,11
141,WARRIGAL_RD N of HIGH STREET_RD,7
153,WARRIGAL_RD N of HIGH STREET_RD,2
165,WARRIGAL_RD N of HIGH STREET_RD,7
177,WARRIGAL_RD N of HIGH STREET_RD,8
189,WARRIGAL_RD N of HIGH STREET_RD,13
201,WARRIGAL_RD N of HIGH STREET_RD,8
213,WARRIGAL_RD N of HIGH STREET_RD,17
225,WARRIGAL_RD N of HIGH STREET_RD,16
237,WARRIGAL_RD N of HIGH STREET_RD,24
249,WARRIGAL_RD N of HIGH STREET_RD,23
261,WARRIGAL_RD N of HIGH STREET_RD,36
273,WARRIGAL_RD N of HIGH STREET_RD,64
285,WARRIGAL_RD N of HIGH STREET_RD,67
297,WARRIGAL_RD N of HIGH STREET_RD,75
309,WARRIGAL_RD N of HIGH STREET_RD,121
321,WARRIGAL_RD N of HIGH STREET_RD,231
333,WARRIGAL_RD N of HIGH STREET_RD,215
345,WARRIGAL_RD N of HIGH STREET_RD,245
357,WARRIGAL_RD N of HIGH STREET_RD,312
369,WARRIGAL_RD N of HIGH STREET_RD,365
381,WARRIGAL_RD N of HIGH STREET_RD,366
393,WARRIGAL_RD N of HIGH STREET_RD,375
405,WARRIGAL_RD N of HIGH STREET_RD,375
417,WARRIGAL_RD N of HIGH STREET_RD,385
429,WARRIGAL_RD N of HIGH STREET_RD,375
441,WARRIGAL_RD N of HIGH STREET_RD,397
453,WARRIGAL_RD N of HIGH STREET_RD,323
465,WARRIGAL_RD N of HIGH STREET_RD,270
477,WARRIGAL_RD N of HIGH STREET_RD,297
489,WARRIGAL_RD N of HIGH STREET_RD,272
501,WARRIGAL_RD N of HIGH STREET_RD,273
513,WARRIGAL_RD N of HIGH STREET_RD,271
525,WARRIGAL_RD N of HIGH STREET_RD,234
537,WARRIGAL_RD N of HIGH STREET_RD,271
549,WARRIGAL_RD N of HIGH STREET_RD,275
561,WARRIGAL_RD N of HIGH STREET_RD,274
573,WARRIGAL_RD N of HIGH STREET_RD,254
585,WARRIGAL_RD N of HIGH STREET_RD,262
597,WARRIGAL_RD N of HIGH STREET_RD,281
609,WARRIGAL_RD N of HIGH STREET_RD,282
621,WARRIGAL_RD N of HIGH STREET_RD,261
633,WARRIGAL_RD N of HIGH STREET_RD,251
645,WARRIGAL_RD N of HIGH STREET_RD,241
657,WARRIGAL_RD N of HIGH STREET_RD,310
669,WARRIGAL_RD N of HIGH STREET_RD,280
681,WARRIGAL_RD N of HIGH STREET_RD,319
693,WARRIGAL_RD N of HIGH STREET_RD,261
705,WARRIGAL_RD N of HIGH STREET_RD,234
717,WARRIGAL_RD N of HIGH STREET_RD,220
729,WARRIGAL_RD N of HIGH STREET_RD,270
741,WARRIGAL_RD N of HIGH STREET_RD,289
753,WARRIGAL_RD N of HIGH STREET_RD,313
765,WARRIGAL_RD N of HIGH STREET_RD,319
777,WARRIGAL_RD N of HIGH STREET_RD,317
789,WARRIGAL_RD N of HIGH STREET_RD,333
801,WARRIGAL_RD N of HIGH STREET_RD,303
813,WARRIGAL_RD N of HIGH STREET_RD,302
825,WARRIGAL_RD N of HIGH STREET_RD,331
837,WARRIGAL_RD N of HIGH STREET_RD,355
849,WARRIGAL_RD N of HIGH STREET_RD,357
861,WARRIGAL_RD N of HIGH STREET_RD,376
873,WARRIGAL_RD N of HIGH STREET_RD,319
885,WARRIGAL_RD N of HIGH STREET_RD,257
897,WARRIGAL_RD N of HIGH STREET_RD,258
909,WARRIGAL_RD N of HIGH STREET_RD,236
921,WARRIGAL_RD N of HIGH STREET_RD,189
933,WARRIGAL_RD N of HIGH STREET_RD,196
945,WARRIGAL_RD N of HIGH STREET_RD,169
957,WARRIGAL_RD N of HIGH STREET_RD,158
969,WARRIGAL_RD N of HIGH STREET_RD,159
981,WARRIGAL_RD N of HIGH STREET_RD,149
993,WARRIGAL_RD N of HIGH STREET_RD,126
1005,WARRIGAL_RD N of HIGH STREET_RD,141
1017,WARRIGAL_RD N of HIGH STREET_RD,131
1029,WARRIGAL_RD N of HIGH STREET_RD,109
1041,WARRIGAL_RD N of HIGH STREET_RD,104
1053,WARRIGAL_RD N of HIGH STREET_RD,125
1065,WARRIGAL_RD N of HIGH STREET_RD,120
1077,WARRIGAL_RD N of HIGH STREET_RD,77
1089,WARRIGAL_RD N of HIGH STREET_RD,77
1101,WARRIGAL_RD N of HIGH STREET_RD,70
1113,WARRIGAL_RD N of HIGH STREET_RD,62
1125,WARRIGAL_RD N of HIGH STREET_RD,45
1137,WARRIGAL_RD N of HIGH STREET_RD,39
1149,WARRIGAL_RD N of HIGH STREET_RD,27
10,WARRIGAL_RD N of HIGH STREET_RD,35
22,WARRIGAL_RD N of HIGH STREET_RD,27
34,WARRIGAL_RD N of HIGH STREET_RD,26
46,WARRIGAL_RD N of HIGH STREET_RD,19
58,WARRIGAL_RD N of HIGH STREET_RD,10
70,WARRIGAL_RD N of HIGH STREET_RD,13
82,WARRIGAL_RD N of HIGH STREET_RD,10
94,WARRIGAL_RD N of HIGH STREET_RD,11
106,WARRIGAL_RD N of HIGH STREET_RD,14
118,WARRIGAL_RD N of HIGH STREET_RD,11
130,WARRIGAL_RD N of HIGH STREET_RD,7
142,WARRIGAL_RD N of HIGH STREET_RD,8
154,WARRIGAL_RD N of HIGH STREET_RD,6
166,WARRIGAL_RD N of HIGH STREET_RD,13
178,WARRIGAL_RD N of HIGH STREET_RD,14
190,WARRIGAL_RD N of HIGH STREET_RD,5
202,WARRIGAL_RD N of HIGH STREET_RD,18
214,WARRIGAL_RD N of HIGH STREET_RD,6
226,WARRIGAL_RD N of HIGH STREET_RD,13
238,WARRIGAL_RD N of HIGH STREET_RD,14
250,WARRIGAL_RD N of HIGH STREET_RD,31
262,WARRIGAL_RD N of HIGH STREET_RD,31
274,WARRIGAL_RD N of HIGH STREET_RD,63
286,WARRIGAL_RD N of HIGH STREET_RD,68
298,WARRIGAL_RD N of HIGH STREET_RD,78
310,WARRIGAL_RD N of HIGH STREET_RD,161
322,WARRIGAL_RD N of HIGH STREET_RD,226
334,WARRIGAL_RD N of HIGH STREET_RD,238
346,WARRIGAL_RD N of HIGH STREET_RD,245
358,WARRIGAL_RD N of HIGH STREET_RD,340
370,WARRIGAL_RD N of HIGH STREET_RD,362
382,WARRIGAL_RD N of HIGH STREET_RD,325
394,WARRIGAL_RD N of HIGH STREET_RD,383
406,WARRIGAL_RD N of HIGH STREET_RD,396
418,WARRIGAL_RD N of HIGH STREET_RD,431
430,WARRIGAL_RD N of HIGH STREET_RD,372
442,WARRIGAL_RD N of HIGH STREET_RD,346
454,WARRIGAL_RD N of HIGH STREET_RD,329
466,WARRIGAL_RD N of HIGH STREET_RD,322
478,WARRIGAL_RD N of HIGH STREET_RD,341
490,WARRIGAL_RD N of HIGH STREET_RD,260
502,WARRIGAL_RD N of HIGH STREET_RD,304
514,WARRIGAL_RD N of HIGH STREET_RD,310
526,WARRIGAL_RD N of HIGH STREET_RD,284
538,WARRIGAL_RD N of HIGH STREET_RD,286
550,WARRIGAL_RD N of HIGH STREET_RD,311
562,WARRIGAL_RD N of HIGH STREET_RD,272
574,WARRIGAL_RD N of HIGH STREET_RD,256
586,WARRIGAL_RD N of HIGH STREET_RD,287
598,WARRIGAL_RD N of HIGH STREET_RD,260
610,WARRIGAL_RD N of HIGH STREET_RD,260
622,WARRIGAL_RD N of HIGH STREET_RD,299
634,WARRIGAL_RD N of HIGH STREET_RD,300
646,WARRIGAL_RD N of HIGH STREET_RD,277
658,WARRIGAL_RD N of HIGH STREET_RD,307
670,WARRIGAL_RD N of HIGH STREET_RD,283
682,WARRIGAL_RD N of HIGH STREET_RD,291
694,WARRIGAL_RD N of HIGH STREET_RD,241
706,WARRIGAL_RD N of HIGH STREET_RD,284
718,WARRIGAL_RD N of HIGH STREET_RD,284
730,WARRIGAL_RD N of HIGH STREET_RD,275
742,WARRIGAL_RD N of HIGH STREET_RD,312
754,WARRIGAL_RD N of HIGH STREET_RD,336
766,WARRIGAL_RD N of HIGH STREET_RD,327
778,WARRIGAL_RD N of HIGH STREET_RD,367
790,WARRIGAL_RD N of HIGH STREET_RD,397
802,WARRIGAL_RD N of HIGH STREET_RD,314
814,WARRIGAL_RD N of HIGH STREET_RD,354
826,WARRIGAL_RD N of HIGH STREET_RD,331
838,WARRIGAL_RD N of HIGH STREET_RD,313
850,WARRIGAL_RD N of HIGH STREET_RD,375
862,WARRIGAL_RD N of HIGH STREET_RD,323
874,WARRIGAL_RD N of HIGH STREET_RD,334
886,WARRIGAL_RD N of HIGH STREET_RD,258
898,WARRIGAL_RD N of HIGH STREET_RD,222
910,WARRIGAL_RD N of HIGH STREET_RD,254
922,WARRIGAL_RD N of HIGH STREET_RD,221
934,WARRIGAL_RD N of HIGH STREET_RD,234
946,WARRIGAL_RD N of HIGH STREET_RD,188
958,WARRIGAL_RD N of HIGH STREET_RD,175
970,WARRIGAL_RD N of HIGH STREET_RD,147
982,WARRIGAL_RD N of HIGH STREET_RD,162
994,WARRIGAL_RD N of HIGH STREET_RD,143
1006,WARRIGAL_RD N of HIGH STREET_RD,139
1018,WARRIGAL_RD N of HIGH STREET_RD,166
1030,WARRIGAL_RD N of HIGH STREET_RD,156
1042,WARRIGAL_RD N of HIGH STREET_RD,131
1054,WARRIGAL_RD N of HIGH STREET_RD,123
1066,WARRIGAL_RD N of HIGH STREET_RD,146
1078,WARRIGAL_RD N of HIGH STREET_RD,120
1090,WARRIGAL_RD N of HIGH STREET_RD,84
1102,WARRIGAL_RD N of HIGH STREET_RD,79
1114,WARRIGAL_RD N of HIGH STREET_RD,71
1126,WARRIGAL_RD N of HIGH STREET_RD,55
1138,WARRIGAL_RD N of HIGH STREET_RD,45
1150,WARRIGAL_RD N of HIGH STREET_RD,33
